,extra_noise,now_or_never
0,0.0,-0.7978999607630549
1,0.2,-0.7824946952288525
2,0.4,-0.8017985518733062
3,0.6,-0.7821039467750478
4,0.8,-0.784824857385079
5,1.0,-0.7988903593973019
6,1.2,-0.7783873913369385
7,1.4,-0.7665928901888679
8,1.6,-0.7523256270859147
9,1.8,-0.74115384792437
