,extra_noise,now_or_never
0,0.0,0.028986347513163428
1,0.2,0.04527912727329786
2,0.4,0.05793467629602407
3,0.6,0.0611113773105792
4,0.8,0.07883214845073434
5,1.0,0.08726666424412922
6,1.2,0.10857607229144005
7,1.4,0.13315217583401584
8,1.6,0.1576840026732815
9,1.8,0.17508930294697575
